abee1242	GB051	0	Gbery (1987)		1: present, 0: absent
ache1245	GB051	0	Alamin (2012:32-33)		1: present, 0: absent
ajab1235	GB051	0	Morley 2010:15	No gender in Ajagbe.	1: present, 0: absent
ajas1235	GB051	0	Santandrea (1976: 73-75)	There is no grammatical gender system. Different words are used to distinguish male from female persons; to indicate whether an animal is male or female, a word for 'male' or 'female' is added to the noun.	1: present, 0: absent
akan1250	GB051	0	Osam 1996:in passim	This feature is preferably confirmed by another source.	0==absent||1==present
alag1248	GB051	1			0==absent||1==present
amas1236	GB051	0	Stevenson 1938:21	No gender.	1: present, 0: absent
amha1245	GB051	1	Hagos, Desalegn (2014 p.c).		0==absent||1==present
anua1242	GB051	0	Reh 1996:158		0==absent||1==present
asoa1238	GB051	0	Beltrame (1876: 627-628)	There are separate terms for masculine and feminine humans and animals, but these do not amount to a noun class system.	1: present, 0: absent
avat1244	GB051	0	Schuh 1995:136		0==absent||1==present
avok1242	GB051	0	Callinan (1984:48-72); Dimmendaal (1986:5-33)		1: present, 0: absent
baga1273	GB051	0	Relich (1973:9)		1: present, 0: absent
bagi1246	GB051	0	Stevenson (1969:1-199)		
baka1272	GB051	0	Brisson & Boursier (1979: VIII); Djoupée (2002: 80); Paulin (2010: 53)		1: present, 0: absent
baka1274	GB051	0	Santandrea (1976: 73-75)	There is no grammatical gender system. Different words are used to distinguish male from female persons; to indicate whether an animal is male or female, a word for 'male' or 'female' is added to the noun.	1: present, 0: absent
balo1261	GB051	0	Mangulu (1990: 126-128); Mangulu (1996: 205-209)		1: present, 0: absent
bamb1262	GB051	0	Ahland 2012:41		0==absent||1==present
bamb1266	GB051	0	Ayuninjam 1998:201		0==absent||1==present
bamb1269	GB051	0	Fofana 2003:7		0==absent||1==present
bamw1238	GB051	0	Mangulu (1990: 35-38, 50-54, 70-74)	Not mentioned and not apparent from the examples.	1: present, 0: absent
band1340	GB051	0	Sagna 2008:228	at least historically	0==absent||1==present
bang1354	GB051	0	Whitehead (1899: 9-15, 58)		1: present, 0: absent
bang1363	GB051	0	Hantgan, Abbie (2014) personal communications		0==absent||1==present
bara1361	GB051	0	Santandrea (1965: 49-50); Tucker & Bryan (1966: 146); Tucker & Hackett (1959: 180)	There is no gender.	1: present, 0: absent
bare1279	GB051	1	Lovestrand 2012:71	Yes, at least for inanimate nouns: "their grammatical gender is semantically linked to their natural (biological) gender."Lovestrand (2012: 71)	0==absent||1==present
bath1248	GB051	1	Owens, Jonathan (1993:49). A Grammar of Nigerian Arabic. Wiesbaden: Harrassowitz.		
beja1238	GB051	1	Martine Vanhove p.c.		0==absent||1==present
bekw1241	GB051	0	Stanford 1967:194-200		1: present, 0: absent
bela1256	GB051	0	Von Heyking 2013:46		0==absent||1==present
beli1257	GB051	0	Kol et al. (2013:8)		
benc1235	GB051	1			0==absent||1==present
bent1238	GB051	0	Heath (2013:1-553)		
bert1248	GB051	0	Andersen (2003:546)		1: present, 0: absent
biaf1240	GB051	0	Wilson 1993:63-64		1: present, 0: absent
bidy1244	GB051	0	Segerer 2000:160-161		0==absent||1==present
bila1255	GB051	0	Kutsch Lojenga (2003: 458-461)		1: present, 0: absent
bini1246	GB051	0	Dunn (1968)		1: present, 0: absent
bira1253	GB051	1	Sava-Tosco (2000: 77)		1: present, 0: absent
birr1240	GB051	0	Santandrea (1966: 197)	There is no grammatical noun class/gender system.	1: present, 0: absent
bolg1251	GB051	0	Alio (2008: 14)	There is no grammatical gender.	1: present, 0: absent
bolo1262	GB051	0	Mangulu (2002: 295-298)	Not mentioned.	1: present, 0: absent
bomb1262	GB051	0	Mangulu (1990: 18-21)		1: present, 0: absent
bong1284	GB051	0	Mangulu (2008: 19, 20-22)		1: present, 0: absent
		bong1285	0	GB051	Moi et al. (2014:1-224)
bora1271	GB051	1	Stroomer 1995:37		0==absent||1==present
buku1249	GB051	0	Austen 1975:96 et seq.		0==absent||1==present
bull1247	GB051	0	Childs (2011:117-133)		1: present, 0: absent
bure1242	GB051	0	Batic (2014:51-25)		1: present, 0: absent
buwa1243	GB051	0	Viljoen (2013:126-138)		1: present, 0: absent
cent2050	GB051	0	Hutchison 1981:11		1: present, 0: absent
chad1249	GB051	1	Abu-Absi, Samir (1995:9). Chadian Arabic. Languages of the world/Materials 21. München - Newcastle: Lincolm Europa.		
chak1271	GB051	0	Brindle (2010:181-186)	as gender I counted the human/ non-human distinction visible in agreement	1: present, 0: absent
char1269	GB051	0	Cerulli (1938:146-149)		1: present, 0: absent
chig1238	GB051	0	Taylor 1985:124	perhaps historically	0==absent||1==present
cici1237	GB051	0	McGill (2009:247)		1: present, 0: absent
cong1236	GB051	0	de Rooij (1995)	Only animacy is mentioned as a meaningful category.	1: present, 0: absent
copt1239	GB051	1	Layton 2000:85		1: present, 0: absent
cori1240	GB051	?	Dihoff (1976: 71ff)		1: present, 0: absent
cros1244	GB051	0	Barnwell 1969:279ff		1: present, 0: absent
daha1245	GB051	1	Tosco 1991:20		0==absent||1==present
dard1243	GB051	0	Aviles (2008:1-87)		1: present, 0: absent
defa1248	GB051	0	Jenewari (1983)		1: present, 0: absent
dime1235	GB051	1	Mulugeta 2008:43		0==absent||1==present
dizi1235	GB051	0	Beachy 2005		0==absent||1==present
donn1238	GB051	0	McPherson (2013:1-615)		
egaa1242	GB051	?	Bole-Richard (1983)		1: present, 0: absent
egyp1253	GB051	1	Abdel-Massih (1979:155-156)		
		elem1253	0	GB051	Bond (2006)
esan1238	GB051	0	Rolle 2012:82		0==absent||1==present
eton1253	GB051	0			0==absent||1==present
ewee1241	GB051	0	Jalloh (2005: 23)	There is no gender.	1: present, 0: absent
fonn1241	GB051	0	Lefebvre 2002:37	No gender.	1: present, 0: absent
furr1244	GB051	0	Waag (2010:58-66)		1: present, 0: absent
gaaa1245	GB051	?	Boyd (1999)	not mentioned	1: present, 0: absent
gaam1241	GB051	0	Stirtz 2012:95		0==absent||1==present
gaan1243	GB051	0	Newman (1971:82)		1: present, 0: absent
gade1242	GB051	0	Sterk (1977:128ff)		1: present, 0: absent
gand1255	GB051	0	Matovu (1994: 12)		1: present, 0: absent
gbay1278	GB051	0	Boyd (1988: 46-47)	There is very little nominal morphology and no mention of potential noun classes or gender.	1: present, 0: absent
gbay1288	GB051	0	Santandrea (1976: 73-75)	There is no grammatical gender system. Different words are used to distinguish male from female persons; to indicate whether an animal is male or female, a word for 'male' or 'female' is added to the noun.	1: present, 0: absent
geme1244	GB051	?	Boyd & Nougayrol (1988: passim)	Not mentioned.	1: present, 0: absent
ghad1239	GB051	1	Kossmann (2013:19)		
ghom1257	GB051	0	el Hannouche (2008:43-44)		
gida1247	GB051	1	Frajzyngier 2008:89		0==absent||1==present
gobu1238	GB051	0	Santandrea (1965: 50-51)	Indication of sex by lexical means is discussed, but nothing is said about grammatical gender or noun classes.	1: present, 0: absent
goem1240	GB051	0	Hellwig 2011:78		0==absent||1==present
gofa1235	GB051	1	Moreno (1938:26-27)		1: present, 0: absent
gola1255	GB051	0	Koroma (1994:26)		1: present, 0: absent
gube1234	GB051	0	Cobbinah 2013:275		1: present, 0: absent
gude1246	GB051	0	Hoskison (1983:22-24)		1: present, 0: absent
gumu1244	GB051	1	Ahland (2012:94)		
guro1248	GB051	0	Benoist 1969:in passim		0==absent||1==present
hadi1240	GB051	1	Tadesse Sibamo Garkebo (2014: 40-42)		1: present, 0: absent
hadz1240	GB051	1	Sands 2013:108-109		1: present, 0: absent
haio1238	GB051	1	Hoymann (in prog.):24		0==absent||1==present
hass1238	GB051	1	Taine-Cheikh (2006:6)	Not explicitly mentioned; inferred from example 'woman slave'.	
haus1257	GB051	1	Newman 2000:200		0==absent||1==present
hdii1240	GB051	0	Frajzyngier 2002:45, 83		0==absent||1==present
holo1240	GB051	0	Coupez (1955)	Assumably not, as Coupez makes no mention of this, and this distinction is uncommon in related languages.	1: present, 0: absent
hone1235	GB051	0	Storch (1999:83-84,92-103)	There are no noun classes synchronically.	1: present, 0: absent
huba1236	GB051	0	Mu'azu (2009:60)		1: present, 0: absent
humb1243	GB051	0	Heath 2007:93-125		
hyam1245	GB051	0	Jockers 1982:73		1: present, 0: absent
idom1241	GB051	0	Abraham (1967:13-14)	Not mentioned.	1: present, 0: absent
ikkk1242	GB051	0	Schrock (2014:1-708)		
iraq1241	GB051	0	Mous 1993:41		0==absent||1==present
jams1239	GB051	0	Heath (2008:1-735)		
jiba1237	GB051	0	Dinslage et al. (2000:33)		1: present, 0: absent
“As in Bantu languages, Jju has a tendency for semantic categories to be correlated with noun classes”. The only examples given are a class which tends to contain animals and a class which tends to contain humans.	1: present, 0: absent	jjuu1238	?	GB051	McKinney 1985:460-461
juku1254	GB051	0	Shimizu (1980:95)		1: present, 0: absent
jurm1239	GB051	0	Andersen (1981:1-131), Persson (1991:1-26)		
kaba1281	GB051	0	Moser (2004:1-434)		
kaby1243	GB051	1	Chaker 1983:84-86		0==absent||1==present
kach1284	GB051	1	Woldemariam (2004:48-53)		1: present, 0: absent
kafa1242	GB051	1	Wawrzik (1939); Reinisch (1888)		1: present, 0: absent
kagf1238	GB051	0	Smith 2007:95		0==absent||1==present
kamb1316	GB051	1	Treis 2008:126		0==absent||1==present
kamm1249	GB051	0	Jakob Lesage, p.c. 2017		1: present, 0: absent
kara1482	GB051	0	Santandrea (1970: 130-131)	The only kind of gender that is discussed is lexical gender, e.g. gender of animals as expressed with words like 'male', 'female'.	1: present, 0: absent
kare1338	GB051	0	Lim (1997: 153)	There is no gender.	1: present, 0: absent
keig1242	GB051	0	Reh (1994: 198)	There is no gender.	1: present, 0: absent
kele1255	GB051	0	Stapleton (1903: 34)		1: present, 0: absent
keng1240	GB051	0	Vandame (1968: passim)	Not mentioned.	1: present, 0: absent
kera1248	GB051	0	Segerer, G (2013 p.c.):0		0==absent||1==present
kera1255	GB051	1	Ebert (1979: 130, 141)		1: present, 0: absent
no gender system	1: present, 0: absent	khan1278	0	GB051	Ikoro (1996:55)
kimm1246	GB051	0	Iberg (1990: 39); Mouchet (1954: 174-175)	There is no grammatical gender.	1: present, 0: absent
kips1239	GB051	0	Toweett (1979:1-469)		
kons1243	GB051	1	Ongaye 2013:73		0==absent||1==present
koon1244	GB051	0	Bentley (1887: 527, 545-553); Ndonga (1995: 159-162)		1: present, 0: absent
koor1239	GB051	1	Mendisu (2010:44-45)	Demonstratives have a f/m distinction.	1: present, 0: absent
koyr1240	GB051	0	Heath 1999:55	no gender / noun class	
koyr1242	GB051	0	Heath 1999:passim	no gender/NC	1: present, 0: absent
kron1241	GB051	1	Reh 1985:130		0==absent||1==present
kuna1268	GB051	0	Bender (1996:13)		
kute1248	GB051	0	Koops (1990:102-104)		
kweg1241	GB051	0	Hieda (1992:135-138)		1: present, 0: absent
laal1242	GB051	1	Lionnet (2010:9)		1: present, 0: absent
lafo1243	GB051	0	Schadeberg (1981); Stevenson (1956/1957)		1: present, 0: absent
lagw1237	GB051	1	Lukas (1936)		1: present, 0: absent
lama1288	GB051	0	Wolff (2015:108-109)		1: present, 0: absent
land1256	GB051	?	Sumbatova (2012:26-61)	Not mentioned.	1: present, 0: absent
lang1324	GB051	0	Noonan 1992:passim		0==absent||1==present
lele1276	GB051	0	Frajzyngier (2001:55-98)		1: present, 0: absent
lend1245	GB051	0	Tucker (1940:380-418)		1: present, 0: absent
lese1243	GB051	0	Vorbichler (1965: passim)	There are no noun classes.	1: present, 0: absent
unclear		libi1244		GB051	van Leynseele 1977: The grammar says nothing about the semantics of the genders (58ff).
liby1240	GB051	1	Abdunnabi (2000:174)		
liji1238	GB051	0	Stofberg 1978:316-318		1: present, 0: absent
lika1243	GB051	0	de Wit (2015: 211-212)		1: present, 0: absent
liki1240	GB051	0	Mangulu (1990: 240-243)		1: present, 0: absent
ling1263	GB051	0	Meeuwis 2010:38		0==absent||1==present
lito1235	GB051	0	Mangulu (1990: 223-227)		1: present, 0: absent
unclear		loba1239		GB051	
logo1259	GB051	0	Irumu (1986)		1: present, 0: absent
loma1260	GB051	0	Sadler 2006:46		0==absent||1==present
luch1239	GB051	0	Fleisch (2000: 54-55)		1: present, 0: absent
lugb1240	GB051	0	Crazzolara (1960:24)		1: present, 0: absent
lund1266	GB051	0	Kawasha (2003: 74-90)		1: present, 0: absent
luse1252	GB051	0	Mangulu (2004: 223-226)		1: present, 0: absent
maas1239	GB051	0	Breedveld 1995:295-461, 477		0==absent||1==present
maba1270	GB051	0	Motingea (1996: 221-224)		1: present, 0: absent
maba1277	GB051	0	Weiss (2009: 97-100)		1: present, 0: absent
madi1260	GB051	0	Blackings (2003:1-734)		1: present, 0: absent
maja1242	GB051	0	Bender (1983:127)		1: present, 0: absent
makw1236	GB051	0	Devos 2007		0==absent||1==present
male1284	GB051	1	Amha (2001:43-45)		1: present, 0: absent
There is no gender/noun class.		mamv1243	0	GB051	Tucker, Archibald and Bryan 1966:41
mand1436	GB051	0	Drame, Man Lafi (Ed) 2003:in passim		0==absent||1==present
mang1394	GB051	0	Larochette (1958: 12); Vekens (1928: 15, 16)		1: present, 0: absent
mann1248	GB051	0	Khachaturyan, Maria (p.c. 2013)		0==absent||1==present
mara1396	GB051	?	Lukas 1933		1: present, 0: absent
marg1265	GB051	0	Hoffmann (1963)		1: present, 0: absent
masa1300	GB051	1	Tucker & Mpaayei 1955:3		0==absent||1==present
mayo1261	GB051	0	Sawka (2001:49-54)		1: present, 0: absent
mbay1241	GB051	0	Keegan (1997:1-181)		
mbug1242	GB051	0	Wilhelmsen (2014 p.c.)		0==absent||1==present
meen1242	GB051	0	Will (1989:132-139)	There is no noun class / gender system.	1: present, 0: absent
melo1242	GB051	1	Tesfu (2003:28)		1: present, 0: absent
mend1266	GB051	0	Innes 1967:13, 27, 149		0==absent||1==present
meta1238	GB051	0	Fogwe 1998:283ff		1: present, 0: absent
mido1240	GB051	0	Werner 1993		0==absent||1==present
mids1243	GB051	0	Santandrea (1965: 49-50, passim)	There is no gender.	1: present, 0: absent
mina1276	GB051	0	Frajzyngier & Johnston (2005:1-499)		1: present, 0: absent
miya1266	GB051	1	Schuh 1998:190-191		1: present, 0: absent
molo1266	GB051	?	Friesen 2004		1: present, 0: absent
mong1338	GB051	0	Mangulu (2006: 411-416)		1: present, 0: absent
monz1249	GB051	0	Calloc'h (1911: 19)		1: present, 0: absent
moro1285	GB051	0	Gibbard et al 2009:109		0==absent||1==present
mosi1247	GB051	0	Heine et al. (2015:66)		
mund1325	GB051	0	Elders (2000: 120-125, 127)	There is no grammatical gender system. There was one, but it has disappeared.	1: present, 0: absent
murl1244	GB051	0	Arensen (1982:27-47); Lyth (1971:10)		1: present, 0: absent
mwan1250	GB051	0	Fleming 1995:in passim		0==absent||1==present
nama1264	GB051	1	Hagman 1977:22		0==absent||1==present
nand1266	GB051	0	Creider (1989:1-169)		
nara1262	GB051	0	Reinisch (1874:32)		
ndam1251	GB051	?	Bross (1988:49-50)	Motivation for gender assignment is not clear.	1: present, 0: absent
nden1248	GB051	?	Strom 2013:125		0==absent||1==present
ndob1238	GB051	0	Mangulu (1990: 256-259)		1: present, 0: absent
ndog1248	GB051	0	Santandrea (1961:36)		1: present, 0: absent
ndun1249	GB051	?	Bokula (1982:120)	Bokula mentions noun classes, but he/she does not say what the criteria for class assignment are.	1: present, 0: absent
ngal1296	GB051	N/A			0==absent||1==present
ngam1268	GB051	0	Ndjerareou (2010:1-37)		
ngba1285	GB051	0	Henrix (2007)		1: present, 0: absent
ngit1239	GB051	0	Lojenga (1994:1-511)		1: present, 0: absent
ngom1268	GB051	0	Mangulu (1988: 26-27)		1: present, 0: absent
nige1253	GB051	0	Bah, Amadu Sajoh (p.c. 2013) Native speaker and Chief editor of Peeral.com:75		0==absent||1==present
nkor1239	GB051	0	Ebikudo, Ebitare (p.c. 2014)		0==absent||1==present
noon1242	GB051	1	Soukka (2000: 62ff)		1: present, 0: absent
nort2774	GB051	0	Lekens (1923: 11)	There is no gender.	1: present, 0: absent
nort2775	GB051	0	Roulon-Doko 1997		0==absent||1==present
nort2795	GB051	0	Bowern & Lotridge 2002:15	perhaps historically	0==absent||1==present
nort3047	GB051	0	Lukas (1970: 17ff)		1: present, 0: absent
nubi1253	GB051	0	Wellens (2003:52)		
nucl1240	GB051	0	Shimizu (1983: 25, 34-38, 43-44)	Gender seems to be fossilized.	1: present, 0: absent
nucl1347	GB051	0	Diouf 2009:154-155		0==absent||1==present
nuuu1241	GB051	0	Collins and Namaseb (2011: 7-70); Witzlack-Makarevich p.c.	no noun class/gender system	
nyam1285	GB051	0	Andreas (2012:77)	All nouns are feminine, so there is no gender in nouns	1: present, 0: absent
nzad1234	GB051	0	Crane 2011:59		0==absent||1==present
nzak1246	GB051	0	Ladogana (1991: 43-44)	Ladogana gives an account of 'genre', but this does not appear to be a grammatical(ized) system of nominal classification, rather a lexical system of classifying animals and humans into male and female.	1: present, 0: absent
nzak1247	GB051	0	Tucker & Hackett (1959: 118)	There is no gender.	1: present, 0: absent
okoe1238	GB051	0	Atoyebi 2009:98		0==absent||1==present
omii1238	GB051	?	Goyvaerts (1986)		1: present, 0: absent
		orma1241	1	GB051	Heine, Bernd. (1980) Munyo, an Oromo dialect. In The Non-Bantu Languages of Kenya (Language and Dialect Atlas of Kenya II), 141-171. Berlin: Dietrich Reimer.   146
otor1240	GB051	0	Stevenson 2009:162		0==absent||1==present
pamb1243	GB051	0	Tucker & Bryan (1966: 146)	There are no noun classes.	1: present, 0: absent
peer1241	GB051	0	Raen (1981: 83-85)		1: present, 0: absent
plat1254	GB051	N/A			0==absent||1==present
poko1263	GB051	0	Crazzolara (1978:28,35-37), Baroja (1989:17-18)		
psik1239	GB051	0	Smith (1969:56-57)		1: present, 0: absent
pula1262	GB051	0	Diallo 2000:in passim		0==absent||1==present
pula1263	GB051	0	Faidherbe 1882:13-16		0==absent||1==present
rend1243	GB051	1	Heine 1980:225		0==absent||1==present
ronn1241	GB051	1	Seibert 1998:26		1: present, 0: absent
rung1258	GB051	0	Nougayrol (1990)		1: present, 0: absent
samb1305	GB051	0	Fabre (2002)	Not mentioned.	1: present, 0: absent
samb1311	GB051	0	Boyd (2004)		1: present, 0: absent
sand1273	GB051	1	Steeman 2012:57		0==absent||1==present
		sara1321	0	GB051	Keegan (2015:xi-lxi)
saya1246	GB051	0	Caron (2011:14)		1: present, 0: absent
sele1249	GB051	0	Agbetsoamedo, Yvonne (submitted) Noun classes in Selee:in passim		0==absent||1==present
shab1252	GB051	1	Kibebe (2015:130)		1: present, 0: absent
shek1245	GB051	1	Hellenthal 2010:150		0==absent||1==present
siam1242	GB051	0	Toews (2015:78)		
sici1249	GB051	?	Garber (1987:25-26)	class assignment is not further discussed	1: present, 0: absent
sida1246	GB051	?	Kawachi 2007:80	gender distinction is arbitrary	0==absent||1==present
sini1242	GB051	0	Diagne, Anna Marie (p.c. 2013):0		0==absent||1==present
siwi1239	GB051	1	Vycichl (2005:198)		
soma1255	GB051	1	Saeed 1999:54	gender is predictable for some nouns for animals and human referents	0==absent||1==present
soni1259	GB051	0	Girier 1996:62		0==absent||1==present
sooo1256	GB051	0	Carlin 1993:73		0==absent||1==present
sout2782	GB051	0	Kramer 2014:65	No gender in Fali	1: present, 0: absent
sout2826	GB051	?	Innes (1966:37-41)	Not mentioned	1: present, 0: absent
sout3236	GB051	1	Ahland (2012:94)		
suda1237	GB051	0	Manfredi, Petrollino (2013:56)		
suku1272	GB051	0	Thomas 2014:66		0==absent||1==present
supy1237	GB051	0	Carlson (1994:95-105)		1: present, 0: absent
susu1250	GB051	0	Toure (1994: 67-70) 2004:16	There are no examples of this feature present in either Toure (1994: 67-70), nor (2004: 16-24, 39-52).	0==absent||1==present
tafi1243	GB051	0	Bobuafor 2013:51		0==absent||1==present
tama1331	GB051	0	Kellermann 2000:15	No gender in Tama	1: present, 0: absent
taya1257	GB051	1	Kossmann (2011:33)		
temb1272	GB051	0	Mangulu (1990: 203-207)		1: present, 0: absent
tene1248	GB051	0	Heath (2011:1-530)		
tenn1246	GB051	0	Randal (1995:37-39)	Not a traditional noun class system.	1: present, 0: absent
tief1242	GB051	0	Winkelmann 1998:102		1: present, 0: absent
tigo1236	GB051	0	Richter (2014:88-104)	So-called “genders” do not trigger any agreement.	
tika1246	GB051	0	Stanley (1991: 181ff)		1: present, 0: absent
timn1235	GB051	0	Kamarah (2007:61-63)		1: present, 0: absent
tira1254	GB051	0	Stevenson 2009:18		0==absent||1==present
tivv1240	GB051	0	Abraham 1968:6-11		0==absent||1==present
toma1245	GB051	0	Sadler 2006:46		0==absent||1==present
tond1249	GB051	0	Heath 2005:115		
tsis1238	GB051	0	Crozier (1984:25-28)		1: present, 0: absent
tuge1241	GB051	0	Jerono (2011:9-10)	Gender is marked by a prefix only in names and some derived nouns. Gender does not trigger any agreement (see e.g. Jerono 2011:22-24 on adjectives).	
unclear		tumu1242		GB051	
turk1308	GB051	1	Dimmendaal 1983:220		0==absent||1==present
uduk1239	GB051	0	Killian, Don (p.c. 2014)		0==absent||1==present
ukaa1243	GB051	0	Salffner (p.c. 2014)		0==absent||1==present
waja1259	GB051	0	Kleinewillinghöfer 1991:110ff		1: present, 0: absent
wann1242	GB051	0	Nikitina 2009:in passim		0==absent||1==present
wawa1246	GB051	0	Martin (2012)		1: present, 0: absent
west2458	GB051	N/A			0==absent||1==present
west2466	GB051	0	Dombrowsky-Hahn (2015:142-163)		1: present, 0: absent
wola1253	GB051	1	Meyer (2006:154)		
yaka1272	GB051	0	Thomas (1991: 84-85, 87)		1: present, 0: absent
yaou1238	GB051	0		Hedvig took the liberty of filling this in based on previous answers.	0==absent||1==present
yeyi1239	GB051	0	Seidel 2008:102		0==absent||1==present
yulu1243	GB051	0	Santandrea (1970: 28-29)	There is only lexical gender (e.g. to make 'male' and 'female' for animals, the nouns 'male' and 'female' are added).	1: present, 0: absent
zand1248	GB051	N/A			0==absent||1==present
zulu1248	GB051	0	Buell 2005:8		0==absent||1==present
aghu1254	GB051	0	51	(Autotranslated from HG33:0 AND HG34:0 -> GB051:0, given HG33:0-HG34:0)	
alya1239	GB051	0		(Autotranslated from HG33:0 AND HG34:0 -> GB051:0, given HG33:0-HG34:0)	
anin1240	GB051	1			0==absent||1==present
arab1267	GB051	1	60-61	(Autotranslated from HG33:1 OR HG34:1 -> GB051:1, given HG33:0-HG34:1)	
atam1239	GB051	N/A			0==absent||1==present
awab1243	GB051	0		(Autotranslated from HG33:0 AND HG34:0 -> GB051:0, given HG33:0-HG34:0)	
band1339	GB051	1	Crowley 1978;  Sharpe 2005;  Sharpe 2007	There are Masculine and Feminine genders. Sharpe (pers. comm.) notes that these differences are only applied to humans.	0==absent||1==present
bard1255	GB051	N/A	Bowern 2004		0==absent||1==present
bili1250	GB051	0	1.1000000000000000888	(Autotranslated from HG33:0 AND HG34:0 -> GB051:0, given HG33:0-HG34:0)	
biri1256	GB051	?		(Autotranslated from HG33:? AND HG34:? -> GB051:?, given HG33:?-HG34:?)	
bula1255	GB051	0		(Autotranslated from HG33:0 AND HG34:0 -> GB051:0, given HG33:0-HG34:0)	
buna1275	GB051	0		(Autotranslated from HG33:0 AND HG34:0 -> GB051:0, given HG33:0-HG34:0)	
bura1267	GB051	1	Green 1987;  Glasgow 1981;  Glasgow 1980;  Green 2003	(Green:15).	0==absent||1==present
darl1243	GB051	0		(Autotranslated from HG33:0 AND HG34:0 -> GB051:0, given HG33:0-HG34:0)	
dhar1247	GB051	0	15	(Autotranslated from HG33:0 AND HG34:0 -> GB051:0, given HG33:0-HG34:0)	
dier1241	GB051	1	60; 38	(Autotranslated from HG33:1 OR HG34:1 -> GB051:1, given HG33:0-HG34:1)	
djam1256	GB051	N/A	Wilkinson 1991		0==absent||1==present
djap1238	GB051	1	32-3	(Autotranslated from HG33:1 OR HG34:1 -> GB051:1, given HG33:0-HG34:1)	
djin1251	GB051	0		(Autotranslated from HG33:0 AND HG34:0 -> GB051:0, given HG33:0-HG34:0)	
djin1253	GB051	1	27	(Autotranslated from HG33:1 OR HG34:1 -> GB051:1, given HG33:0-HG34:1)	
duun1241	GB051	1	25	(Autotranslated from HG33:1 OR HG34:1 -> GB051:1, given HG33:0-HG34:1)	
dyir1250	GB051	1	307	(Autotranslated from HG33:1 OR HG34:1 -> GB051:1, given HG33:1-HG34:1)	
east2379	GB051	1	86; 87	(Autotranslated from HG33:1 OR HG34:1 -> GB051:1, given HG33:0-HG34:1)	
gamb1251	GB051	0	McGregor (2004:149); Capell & Coate (1984:62)	also see Carr (2000:69-75)	
gang1267	GB051	N/A		Â	0==absent||1==present
gara1269	GB051	N/A	Belfrage 1992;  Breen 2003;  Furby 1974;  Furby 1977;  Mushin 2006;  Mushin 2005;  Mushin 2005		0==absent||1==present
goon1238	GB051	N/A	McGregor 1990		0==absent||1==present
gugu1253	GB051	0		(Autotranslated from HG33:0 AND HG34:0 -> GB051:0, given HG33:0-HG34:0)	
gugu1255	GB051	0		(Autotranslated from HG33:0 AND HG34:0 -> GB051:0, given HG33:0-HG34:0)	
gung1248	GB051	0		(Autotranslated from HG33:0 AND HG34:0 -> GB051:0, given HG33:0-HG34:0)	
gunw1252	GB051	1	Evans 2003	Table 5.5, p.202.	0==absent||1==present
guny1241	GB051	0		(Autotranslated from HG33:0 AND HG34:0 -> GB051:0, given HG33:0-HG34:0)	
gure1255	GB051	?		(Autotranslated from HG33:? AND HG34:? -> GB051:?, given HG33:?-HG34:?)	
guwi1238	GB051	1	Capell & Coate (1984:62)		
jaru1254	GB051	0		(Autotranslated from HG33:0 AND HG34:0 -> GB051:0, given HG33:0-HG34:0)	
kalk1246	GB051	0	29	(Autotranslated from HG33:0 AND HG34:0 -> GB051:0, given HG33:0-HG34:0)	
kara1476	GB051	0	71	(Autotranslated from HG33:0 AND HG34:0 -> GB051:0, given HG33:0-HG34:0)	
kaur1267	GB051	0		(Autotranslated from HG33:0 AND HG34:0 -> GB051:0, given HG33:0-HG34:0)	
kaya1319	GB051	N/A	Evans 1995		0==absent||1==present
koka1244	GB051	0	52	(Autotranslated from HG33:0 AND HG34:0 -> GB051:0, given HG33:0-HG34:0)	
kuku1273	GB051	0		(Autotranslated from HG33:0 AND HG34:0 -> GB051:0, given HG33:0-HG34:0)	
kuku1280	GB051	0	Smith & Johnson (2000: 420)	There are no genders, but there is a nominal classification system based on generic-specific constructions.	1: present, 0: absent
kumb1268	GB051	1	254	(Autotranslated from HG33:1 OR HG34:1 -> GB051:1, given HG33:0-HG34:1)	
kunj1245	GB051	1	78	(Autotranslated from HG33:1 OR HG34:1 -> GB051:1, given HG33:0-HG34:1)	
kurr1243	GB051	0		(Autotranslated from HG33:0 AND HG34:0 -> GB051:0, given HG33:0-HG34:0)	
kwin1241	GB051	0	McGregor (1993:24); McGregor (2004:149); Capell & Coate (1984:62)		
lard1243	GB051	N/A			0==absent||1==present
mara1385	GB051	1			0==absent||1==present
marg1253	GB051	0		(Autotranslated from HG33:0 AND HG34:0 -> GB051:0, given HG33:0-HG34:0)	
mart1255	GB051	?		(Autotranslated from HG33:? AND HG34:? -> GB051:?, given HG33:?-HG34:?)	
maun1240	GB051	1	Singer 2006	Masculine and Feminine genders have human gender as one of their semantic foci. They also include nonhumans and inanimates though.	0==absent||1==present
mayk1239	GB051	0		(Autotranslated from HG33:0 AND HG34:0 -> GB051:0, given HG33:0-HG34:0)	
miwa1242	GB051	0	McGregor (2004:149); Capell & Coate (1984:62)	also see Carr (2000:69-75)	
munu1238	GB051	1	Capell & Coate (1984:62)		
murr1258	GB051	1	Walsh 1976;  Walsh 1976;  Walsh 1987;  Walsh 1996;  Walsh 1996;  Walsh 1997;  Street 1987;  Street 1996;  Stanner 1936		0==absent||1==present
muru1266	GB051	0		(Autotranslated from HG33:0 AND HG34:0 -> GB051:0, given HG33:0-HG34:0)	
narr1259	GB051	N/A	Cerin 1994;  Horgen 2004;  McDonald 2002;  Radcliffe-Brown 1918;  Scheffler 1978		0==absent||1==present
naru1238	GB051	0	54	(Autotranslated from HG33:0 AND HG34:0 -> GB051:0, given HG33:0-HG34:0)	
ngaa1240	GB051	0	35	(Autotranslated from HG33:0 AND HG34:0 -> GB051:0, given HG33:0-HG34:0)	
ngan1295	GB051	1		There are separate Masculine (NI) and Feminine (NA) genders	0==absent||1==present
		ngar1235	0	GB051	Meakins, Felicity & Rachel Nordlinger. (2014) A Grammar of Bilinarra: An Australian Aboriginal Language of the Northern Territory (Pacific Linguistics 640). Berlin: De Gruyter Mouton.  3-4
		ngar1284	1	GB051	Capell & Coate (1984:62)
ngar1285	GB051	1	Capell & Coate (1984:62)		
ngiy1239	GB051	0		(Autotranslated from HG33:0 AND HG34:0 -> GB051:0, given HG33:0-HG34:0)	
ngur1261	GB051	?	1	(Autotranslated from HG33:? AND HG34:0 -> GB051:?, given HG33:?-HG34:0)	
nhan1238	GB051	0		(Autotranslated from HG33:0 AND HG34:0 -> GB051:0, given HG33:0-HG34:0)	
nyan1301	GB051	0		(Autotranslated from HG33:0 AND HG34:0 -> GB051:0, given HG33:0-HG34:0)	
nyig1240	GB051	0	Stokes (1982:7)	no noun class/gender system (see also McGregor 2004:146)	
nyul1247	GB051	0		(Autotranslated from HG33:0 AND HG34:0 -> GB051:0, given HG33:0-HG34:0)	
nyun1247	GB051	?		(Autotranslated from HG33:? AND HG34:? -> GB051:?, given HG33:?-HG34:?)	
pany1241	GB051	0	136	(Autotranslated from HG33:0 AND HG34:0 -> GB051:0, given HG33:0-HG34:0)	
pint1250	GB051	?		(Autotranslated from HG33:? AND HG34:? -> GB051:?, given HG33:?-HG34:?)	
pitj1243	GB051	0	Y 11	(Autotranslated from HG33:0 AND HG34:0 -> GB051:0, given HG33:0-HG34:0)	
pitt1247	GB051	0	192	(Autotranslated from HG33:0 AND HG34:0 -> GB051:0, given HG33:0-HG34:0)	
rita1239	GB051	N/A			0==absent||1==present
thay1249	GB051	N/A	Gaby 2006		0==absent||1==present
thur1254	GB051	?		(Autotranslated from HG33:? AND HG34:? -> GB051:?, given HG33:?-HG34:?)	
tiwi1244	GB051	1	Lee 1987;  Lee 1993;  Lee 2006;  Osborne 1974	Masculine and Feminine genders (Lee 1987:12).	0==absent||1==present
		umii1235	1	GB051	Capell & Coate (1984:62)
ungg1243	GB051	1	McGregor (2004:148-149); Capell & Coate (1984:62)		
waga1260	GB051	1	145	(Autotranslated from HG33:1 OR HG34:1 -> GB051:1, given HG33:1-HG34:0)	
waja1257	GB051	0	38	(Autotranslated from HG33:0 AND HG34:0 -> GB051:0, given HG33:0-HG34:0)	
walm1241	GB051	0		(Autotranslated from HG33:0 AND HG34:0 -> GB051:0, given HG33:0-HG34:0)	
wamb1258	GB051	1		p.60	0==absent||1==present
wanm1242	GB051	0	14	(Autotranslated from HG33:0 AND HG34:0 -> GB051:0, given HG33:0-HG34:0)	
warl1254	GB051	N/A	Hale 1967;  Hale 1973;  Hale 1976;  Hale 1981;  Hale 1995;  Nash 1980;  Simpson 1991;  Wilkins 2000		0==absent||1==present
warl1256	GB051	N/A			0==absent||1==present
warr1255	GB051	0	28	(Autotranslated from HG33:0 AND HG34:0 -> GB051:0, given HG33:0-HG34:0)	
warr1258	GB051	0	McGregor (1994:14)	no noun classes/genders	
waru1264	GB051	1	165	(With question mark in Bowern-Epps database.) (Autotranslated from HG33:1 OR HG34:1 -> GB051:1, given HG33:0-HG34:1)	
waru1265	GB051	0		(Autotranslated from HG33:0 AND HG34:0 -> GB051:0, given HG33:0-HG34:0)	
wath1238	GB051	0		(Autotranslated from HG33:0 AND HG34:0 -> GB051:0, given HG33:0-HG34:0)	
wikm1247	GB051	0	Godfrey (1964: passim); Kilham (1977: passim); Kilham (1986: 399-419)	There does not appear to be a noun class or gender system in Wik-Mungkan.	1: present, 0: absent
wila1240	GB051	0	McGregor (2004:149); Capell & Coate (1984:62)	also see Carr (2000:69-75)	
winj1235	GB051	1	Capell & Coate (1984:62)		
wira1262	GB051	?		(Autotranslated from HG33:? AND HG34:? -> GB051:?, given HG33:?-HG34:?)	
wira1265	GB051	0		(Autotranslated from HG33:0 AND HG34:0 -> GB051:0, given HG33:0-HG34:0)	
woiw1237	GB051	0		(Autotranslated from HG33:0 AND HG34:0 -> GB051:0, given HG33:0-HG34:0)	
woly1239	GB051	1	Capell & Coate (1984:62)		
		worr1237	1	GB051	Clendon (2014:78); Capell & Coate (1984:62)
also see Carr (2000:69-75)		wuna1249	0	GB051	McGregor (2004:149); Capell & Coate (1984:62)
wurl1240	GB051	1	Capell & Coate (1984:62)		
yala1262	GB051	0		(Autotranslated from HG33:0 AND HG34:0 -> GB051:0, given HG33:0-HG34:0)	
yand1253	GB051	0		(Autotranslated from HG33:0 AND HG34:0 -> GB051:0, given HG33:0-HG34:0)	
yany1243	GB051	1		(K&C 1996: 3)	0==absent||1==present
yawu1244	GB051	0		(Autotranslated from HG33:0 AND HG34:0 -> GB051:0, given HG33:0-HG34:0)	
yidi1250	GB051	0	Dixon (1977)	There are no noun classes. There is, however, a system of nominal classification based on the co-occurrence of generic and specific nouns.	1: present, 0: absent
yind1247	GB051	0	46-47	(Autotranslated from HG33:0 AND HG34:0 -> GB051:0, given HG33:0-HG34:0)	
yind1248	GB051	0		(Autotranslated from HG33:0 AND HG34:0 -> GB051:0, given HG33:0-HG34:0)	
ying1247	GB051	0		(Autotranslated from HG33:0 AND HG34:0 -> GB051:0, given HG33:0-HG34:0)	
yort1237	GB051	0		(Autotranslated from HG33:0 AND HG34:0 -> GB051:0, given HG33:0-HG34:0)	
yulp1239	GB051	0		(Autotranslated from HG33:0 AND HG34:0 -> GB051:0, given HG33:0-HG34:0)	
yuwa1242	GB051	0	30	(Autotranslated from HG33:0 AND HG34:0 -> GB051:0, given HG33:0-HG34:0)	
aghw1237	GB051	1	Gippert (2008:II-38)		
ainu1240	GB051	0	Shibatani (1990: 31)	"Ainu nouns exhibit neither case inflection nor gender distinctions." (Shibatani, 1990: 31)	
aito1238	GB051	0	Morey 2002:229		0==absent||1==present
akaj1239	GB051	0	Abbi 2013		0==absent||1==present
arch1244	GB051	1	Kibrik (1994:308)		
bagv1239	GB051	1	Kibrik (2001:64-65)		
baha1259	GB051	1	Holes (2006:249)		
		bats1242	1	GB051	Holisky (1994:162)
bezh1248	GB051	1	Kibrik (2004:225)	Classes I and II contain nouns denoting male and female humans respectively.	
biao1253	GB051	0	(Liang & Zhang 2002:97-99)		1: present, 0: absent
bodo1267	GB051	0	Ario Griffiths (2008:642-643): Gutob. In G. D. S. Anderson (ed.) The Munda Languages. Routledge Language Family Series. London: Routledge. 633-681.		
bona1250	GB051	0	Fried (2010:1-348)		
bond1245	GB051	0	Gregory D. S. Anderson and K. David Harrison (2008:577): Remo (Bonda). In G. D. S. Anderson (ed.) The Munda Languages. Routledge Language Family Series. London: Routledge. 557-632.		
bouy1240	GB051	0	Yu 1980		0==absent||1==present
		brah1256	0	GB051	
budu1248	GB051	1	Alekseev (1994:263); Talibov (2007:54-57)		
		buru1296	1	GB051	Grune, Dick. (1998) Burushaski: An Extraordinary Language of the Karako- ram Mountains. Wales: Joseph Biddulph Publisher, Pontypridd.   3
cent2126	GB051	0	Loveless (1963: 105-107)		
cham1309	GB051	1	Magomedova (2004:29-30)		
chec1245	GB051	1	Nichols (1994:21-22)	"There are five gender classes, lexically determined (regularly predictable from the noun's semantics in the case of the human nouns, arbitrary in the case of others).”	
chhi1245	GB051	0	Paudyal (2015:35)	no noun class/gender system	
cypr1248	GB051	?	Borg (1985:1-205)	Not discussed.	
		darg1241	1	GB051	Sumbatova (2014:46-49)
daur1238	GB051	0	Wu (1996:1-49)		
dido1241	GB051	1	Alekseev (2004:119)		
No noun class/gender system	"1: present, 0: absent"	dong1285	0	GB051	Field 1997
dutc1256	GB051	1			0==absent||1==present
east2563	GB051	N/A			0==absent||1==present
even1259	GB051	0	Nedjalkov (1997:191)		
even1260	GB051	0	Malchukov (2005:8-9)		
faro1244	GB051	1	Thráinsson 2004:60ff		1: present, 0: absent
finn1318	GB051	0	Lehtinen, Jyri (p.c. 2014):0		0==absent||1==present
gata1239	GB051	0	Ashirvadam (1992:95)	"Didayi doesn't have any gender distinction." (1992:95)	
ghod1238	GB051	1	Saidova (2004:79); Kibrik (1996:7)	Only in singular	
gulf1241	GB051	1	Qafisheh (1977:96)		
		gura1251	1	GB051	MacKenzie, D. N. (1966) The Dialect of Awroman (Hawram ̄an-i Luhon).  Kobenhavn: Munksgaard.  14
hebr1245	GB051	1	Coffin & Bolozky (2005:7). A Reference Grammar of Modern Hebrew. Cambridge: CUP.		
hinu1240	GB051	1	Forker 2011:106		0==absent||1==present
hlai1239	GB051	0	Ouyang 1980:in passim		0==absent||1==present
hokk1242	GB051	0	Chan (1982); Soh (2001); Fang (2010)	No examples or evidence	1: present, 0: absent
hooo1248	GB051	0	Gregory D.S. Anderson, Toshiki Osada and K. David Harrison (2008:195-253): Ho And The Other Kherwarian Languages. In G. D. S. Anderson (ed.) The Munda Languages. Routledge Language Family Series. London: Routledge. 195-253.		
icel1247	GB051	1	Einarsson 1976:32ff		1: present, 0: absent
ingu1240	GB051	1	Nichols (2011:143)		
juan1238	GB051	0	Manideepa Patnaik (2008:520-521): Juang. In G. D. S. Anderson (ed.) The Munda Languages. Routledge Language Family Series. London: Routledge. 508-556.	Although there are affixes and free morphemes to mark the gender of the noun, it seems to be that there is no grammatical gender or nominal class system, but only a semantic separation.	
khar1287	GB051	0	Peterson (2011:88)	"There is no grammatical gender in Kharia." (Peterson 2011:88)	1: present, 0: absent
khin1240	GB051	1	Kibrik (1994:374)	Classes I and II comprise nouns denoting male and female respectively	
khva1239	GB051	1	Khalilova (2009:44-46)		
kile1243	GB051	0	Zhang (2013:76)	No noun classes.	1: present, 0: absent
kore1280	GB051	0	Sohn (1994: 270-276)	"There are no rigid noun classes based on gender in Korean. There are groups of nouns, however, which share certain similar properties (cf. 1.16.2)." (Sohn, 1994: 270)	
kork1243	GB051	0	Norman H. Zide (2008:264): Korku. In G. D. S. Anderson (ed.) The Munda Languages. Routledge Language Family Series. London: Routledge. 256-298.	There is no grammatical gender in Korku.	
kryt1240	GB051	1	Saadiev (1994:412-413)		
kumz1235	GB051	0	van der Wal (2015:45)		
kurt1248	GB051	0	Hyslop 2010		0==absent||1==present
		kuru1302	1	GB051	Mishra, Awadesh Kumar. (1991) Word formation in Kurukh (Oraon): a study of linguistic typology and language change. Jawaharlal Nehru University MA thesis.  80
		kuwa1251	1	GB051	Qafisheh (1977:96)
lakk1252	GB051	1	Murkelinskij (1971:62-63)	Nouns denoting men and women belong to the classes I and II respectively.	
laoo1244	GB051	0	Enfield 2007	see above	0==absent||1==present
lazz1240	GB051	0	Lacroix (2009:69)		
lule1254	GB051	0	Spiik 1989:52	Lule Saami has no grammatical gender system.	
malt1254	GB051	1	Borg, Azzoppardi-Alexander (1997:188)		
maon1241	GB051	0	Lu 2008		0==absent||1==present
		miya1259	0	GB051	Pellard (2009: 115-145)
mund1320	GB051	0	Toshiki Osada (2008:107-108): Mundari. In G. D. S. Anderson (ed.) The Munda Languages. Routledge Language Family Series. London: Routledge. 99-156.		
niha1238	GB051	0	Nagaraja (2014:32-33)		
nort2671	GB051		Nickel 1990:69	North Saami has no grammatical gender system.	
nort3139	GB051	1	Cowell (1964:209)		
nucl1643	GB051	0	Kaiser, Ichikawa, Kobayashi, & Yamamoto (2013: 4-38)		
nucl1706	GB051	1	Haberl (2006:138)		
pare1266	GB051	0	Gregory D.S. Anderson and Felix Rau (2008:391): Gorum. In G. D. S. Anderson (ed.) The Munda Languages. Routledge Language Family Series. London: Routledge. 385-433.	"In the grammar of Gorum no morphologically marked class or gender exists. Nevertheless inanimate and animate nouns are in some respects treated differently." (Gregory D.S. Anderson and Felix Rau 2008:390)	
peri1253	GB051	0	Georg (2003:193-208)		
phak1238	GB051	0	Morey 2002:229		0==absent||1==present
pite1240	GB051	0	Wilbur 2014:114	Pite Saami has no grammatical gender system.	
		pras1239	0	GB051	"Morgenstierne 1949: cf. p. 217, §69"
qaua1234	GB051	0	He 1983		0==absent||1==present
		qiqi1238	0	GB051	Wu (1996:1-49)
rutu1240	GB051	1	Alekseev (1994:218)		
sana1295	GB051	1	Watson (1993:24)		
sant1410	GB051	?	Neukom (2001:22)	"Under Indo-Aryan influence some adjectives show natural gender agreement with their heads" Neukom (2001:22)	
skol1241	GB051	0	Feist 2010:137		0==absent||1==present
sora1254	GB051	0	Gregory D. S. Anderson and K. David Harrison (2008:315): Sora. In G. D. S. Anderson (ed.) The Munda Languages. Routledge Language Family Series. London: Routledge. 299-380.	Sex and animacy may have an influence on some grammatical features but are rather semantic than a part of the grammar: "class or gender is not an active part of Sora morphosyntax".	
sout2674	GB051	0	Hasselbrink 1981:94	South Saami has no grammatical gender system.	
sout2741	GB051	0	Yang 2008		0==absent||1==present
stan1318	GB051	1	Ryding, Karin C. (2005:119). A Reference Grammar of Modern Standard Arabic. Cambridge: CUP.		
swed1254	GB051	0	Skirgård, Hedvig (p.c. 2014)		0==absent||1==present
teoc1236	GB051	0	Yeo, P. Y. H. (2011). A Sketch Grammar of SingaporeTeochew. Final year project report, NanyangTechnological University p.41		1: present, 0: absent
thai1261	GB051	0	Iwasaki 2005		0==absent||1==present
turk1304	GB051	0	Hoey, Elliott (p.c. 2014)		0==absent||1==present
tuuu1240	GB051	0	Slater (2003:1-382)		
udih1248	GB051	0	Nikolaeva & Tolskaya (2001:99-147)	Not mentioned, inferred 0 because no mention of noun classes. Hilário thinks: unlike Manchu, there seems to be basically no correlation between vowel harmony and sex.	
udii1243	GB051	0	Schulze-Fürhoff (1994:459)		
ukra1253	GB051	1	Pugh (1999:47-58); Bezpoiasko et al. (1993:52-54) Hramatyka ukrajinskoji movy. Morfolohija. Kyjiv: Lybid		
umes1235	GB051	0	von Gertten 2015:66	No grammatical gender in Ume Saami.	1: present, 0: absent
veps1250	GB051	0	Zajceva (1993:39), Uspenskij (1913:36)	no class/gender system, only animated/inanimated distinction in some pronouns	1: present, 0: absent
voti1245	GB051	0	Markus (2011 II:220)	There is no class/gender system.	
yakk1236	GB051	0	Schackow (2015:113-158)	no noun class/gender system	
yong1270	GB051	0	Lidz (2010:166)	no noun classes; no gender system	
yong1276	GB051	0	Luo 2008:325		0==absent||1==present
yuec1235	GB051	0	Stephen Matthews and Virginia Yip. 1994. Cantonese: A Comprehensive Grammar		1: present, 0: absent
baha1260	GB051	0	Hackert (2013: 129-130)	There is no noun class / gender system.	
beli1260	GB051	0	Escure (2013: 92-100)	there is no noun class/gender system	
boru1252	GB051	0	Quesada (1994); Maroto (1999)		
brib1243	GB051	0	Constenla (1998); Garcia (2009); Margery (1996); Krohn (2014)		
bugl1243	GB051	0	Quesada (2012:65-76)		
cabe1245	GB051	0	Margery Peña (1989:xlv-xlix)		1: present, 0: absent
chuj1250	GB051	1	Hopkins (1967: 75)		1: present, 0: absent
copa1237	GB051	1	Hollenbach (2004:23-82)		
gari1256	GB051	1			0==absent||1==present
isla1278	GB051	0		also inanimates get gender assigned!!	0==absent||1==present
itza1241	GB051	1	Hofling (2000)		1: present, 0: absent
jama1262	GB051	0	Bailey (1966: 1-165); Durrleman (2008:1-190), Farquharson (2013: 81-91)	there is no noun class/gender system	
kaqc1270	GB051	0	Brown (2006)		1: present, 0: absent
kich1262	GB051	0	Mondloch (1978); Duncan (2010)		1: present, 0: absent
limo1249	GB051	0	Murray (1974: 17)	there is no noun class/gender system	
mamm1241	GB051	1	England (1983: 158-160, 184)	note that there is not only agreement on the verb but also on at least one indefinite pronoun	1: present, 0: absent
maya1285	GB051	0	Norwood (1997)		
misk1235	GB051	0	Salamanca (1988); CIDCA (1985)		
moch1257	GB051	0	Palosaari (2011)		1: present, 0: absent
moni1237	GB051	0	Quirós (1985) ; Quirós (1999)		1: present, 0: absent
mont1268	GB051	0	Clarke (1982: 19)	Sex does not factor into nominal classification, animacy rather.	1: present, 0: absent
mopa1243	GB051	0	Schumann (1997)		1: present, 0: absent
ngab1239	GB051	0	Quesada Pacheco (2008:49-95)		
nica1252	GB051	0	Bartens (2013: 117-119)	there is no noun class/gender system	
pech1241	GB051	0	Holt (1999)	noun	
pipi1250	GB051	0	Campbell (1985); King (2014)		
popt1235	GB051	1	Craig (1977:133-154)		1: present, 0: absent
qanj1241	GB051	1	Montejo (1996:101)		1: present, 0: absent
rama1270	GB051	0	Grinevald (1990:85-113)		1: present, 0: absent
seri1257	GB051	0	Moser (2004); Marlett (1981)		1: present, 0: absent
tain1254	GB051	?			0==absent||1==present
tekt1235	GB051	0	Stevenson (1987)		1: present, 0: absent
teri1250	GB051	0	Quesada (2000:43-63)		
tojo1241	GB051	0	Furbee-Losee (1976)		1: present, 0: absent
toll1241	GB051	0	Holt (1999:33-44)	no noun class/gender system	
ulwa1239	GB051	0	Green (1999:78-89)	no gender system in the language	
west2635	GB051	1	Zavala (1992:122, 142, 151-163)		1: present, 0: absent
xinc1242	GB051	0	Rogers (2010:175-228)		
xinc1243	GB051	0	Sachse (2010:267-346)		
xinc1246	GB051	0	Rogers (2010:175-228)		
xink1235	GB051	0	Rogers (2010:175-228)		
yuca1254	GB051	0	Bolles (2014) ; Andrade (1955)		1: present, 0: absent
abau1245	GB051	1	Lock 1999		0==absent||1==present
abui1241	GB051	0	Kratochvil 2007		0==absent||1==present
adze1240	GB051	N/A			0==absent||1==present
alam1246	GB051	1	Bruce 1984;  Bruce 1974	natural sex is clearly differentiated for humans and higher animals	0==absent||1==present
ambu1247	GB051	1	Wilson 1980	p.46: animate nouns have natural gender as reflected in the Actor-subject exponent of the clause	0==absent||1==present
anem1249	GB051	1			0==absent||1==present
aram1253	GB051	N/A	Boeve 2003		0==absent||1==present
aros1241	GB051	N/A			0==absent||1==present
ayiw1239	GB051	N/A	Ross 2007		0==absent||1==present
bali1278	GB051	1	Clynes (1995)	Balinese individual names are gender-marked (also hierarchical)	1: present, 0: absent
bann1247	GB051	N/A	Lynch 2002		0==absent||1==present
bata1293	GB051	N/A			0==absent||1==present
bauz1241	GB051	0	Briley 1997		0==absent||1==present
bela1260	GB051	N/A	Clynes 2005		0==absent||1==present
beta1252	GB051	0	Ikranagara (1975)		
biak1248	GB051	0	Van den Heuvel 2006		0==absent||1==present
bier1244	GB051	0	Budd, Peter S. 2009. Topics in the grammar of Bierebo, Central Vanuatu, with a focus on the Realis/Irrealis categories. University of London. 493pp. (Doctoral dissertation). Pg.145		1: present, 0: absent
bilu1245	GB051	1	Obata 2003		0==absent||1==present
bine1240	GB051	N/A	Fleischmann and Turpeinen 1975; Fleischmann and Turpeinen 1977; Sinikka Saari 1992		0==absent||1==present
buki1249	GB051	1	Conrad 1991	Class 7 = masc; Class 4 = fem; and many others; see p.8	0==absent||1==present
buna1278	GB051	0			0==absent||1==present
bunu1267	GB051	N/A			0==absent||1==present
buru1303	GB051	N/A			0==absent||1==present
cemu1238	GB051	N/A	Lynch 2002		0==absent||1==present
chek1238	GB051	N/A			0==absent||1==present
cjin1234	GB051	0		not mentioned.	1: present, 0: absent
dera1245	GB051	1	De Sousa 2006		0==absent||1==present
duna1248	GB051	N/A			0==absent||1==present
Not mentioned		dupa1235	0	GB051	Robinson, Laura C. (2008) Dupaningan Agta: Grammar, vocabulary, and texts. University of Hawai’i at Manoa doctoral dissertation.
east2440	GB051	N/A	Bowden 2001		0==absent||1==present
fasu1242	GB051	0	Loeweke (1980:32-41)		1: present, 0: absent
fiji1243	GB051	N/A	Dixon 1988		0==absent||1==present
foii1241	GB051	?	Rule (1993:1-75)	No gender/noun class mentioned	1: present, 0: absent
fore1270	GB051	0			0==absent||1==present
gapa1238	GB051	0	McGuckin 2002		0==absent||1==present
gela1263	GB051	N/A			0==absent||1==present
gizr1240	GB051	1	Van Bodegraven 2004;  Van Bodegraven 2004	Gender is only relevant to human nouns?	0==absent||1==present
goli1247	GB051	N/A			0==absent||1==present
gras1249	GB051	N/A	Dutton 2003;  Dutton 1993		0==absent||1==present
hali1244	GB051	N/A	Allen 1987		0==absent||1==present
hata1243	GB051	N/A	Reesink 1999		0==absent||1==present
huaa1250	GB051	N/A	Renck 1975		0==absent||1==present
huli1244	GB051	0	Lomas (1988:184-193)		1: present, 0: absent
iaai1238	GB051	0	Lynch 2002		0==absent||1==present
idaa1241	GB051	N/A			0==absent||1==present
ilok1237	GB051	N/A	Vanoverbergh 1955;  Vanoverbergh 1968;  Laconsay 1993; Rubino 2000;  Rubino 2005		0==absent||1==present
imon1245	GB051	0	Seiler 1985		0==absent||1==present
java1254	GB051	0	Ewing (1999:67-72)		
kair1263	GB051	N/A			0==absent||1==present
kala1377	GB051	1	Comrie 1981;  Kennedy 1981;  Kennedy 1985;  Kennedy 1985;  Kennedy 1985;  Ford 1991;  Bani 1987	Ford and Ober (1991:122). Everything seems to be Feminine in Mabuiag dialect apart from singular human males (Bani 1987)	0==absent||1==present
kalu1248	GB051	0			0==absent||1==present
kama1367	GB051	1	Sanders 1994;  Sanders 1980		0==absent||1==present
kamo1255	GB051	N/A	Drabbe 1953		0==absent||1==present
kana1288	GB051	0			0==absent||1==present
kand1301	GB051	N/A			0==absent||1==present
kara1499	GB051	0	Visser (2016)	No gender	"1: present, 0: absent"
kaul1240	GB051	N/A			0==absent||1==present
kele1258	GB051	N/A	Ross 2002		0==absent||1==present
kelo1247	GB051	N/A	Baird 2008		0==absent||1==present
keri1250	GB051	0	McKinnon (2011)		
kili1267	GB051	0	Lawton 1993;  Senft 1986		0==absent||1==present
kima1244	GB051	N/A	Kroeger 2005		0==absent||1==present
kobo1249	GB051	N/A	Davies 1989		0==absent||1==present
koko1269	GB051	0	Palmer 1999;  Palmer 2002		0==absent||1==present
kolp1236	GB051	1	Reesink, Ger 2002. Fieldnotes; Lindrud, Stellan. 1989. Aspect in Kol.	Natural sex is masc and fem for human referents and higher animals, such as 'pig'.	0==absent||1==present
kona1242	GB051	0	Årsjö (2016:103)		1: present, 0: absent
kora1294	GB051	N/A	Farr 1999		0==absent||1==present
koro1312	GB051	N/A	Van Enk 1997		0==absent||1==present
kove1237	GB051	N/A	Goulden 1996;  Counts 1969		0==absent||1==present
kris1246	GB051	1	Donohue 2004	Masculine is male humans and culturally salient/important stuff (pigs, thunder); non-masc. is everything and everyone else	0==absent||1==present
kuan1248	GB051	N/A	Mosel 1980;  Mosel 1982;  Mosel 1984		0==absent||1==present
kuma1276	GB051	0		cf. p.94: only human and some animate nouns are specified by /ak/ 'man,male' and /thaamwa/ 'woman,female'.	0==absent||1==present
kuot1243	GB051	1	Lindstrom 2002		0==absent||1==present
		labu1249	0	GB051	Hurlbut, Hope M. (1988) Verb morphology in Eastern Kadazan (Pacific Linguistics B 97). Canberra: Dept. of Linguistics, Research School of Pacific Studies, Australian National University.  Hurlbut, Hope M. (1990) Sentence types in Eastern Kadazan. Studies in Philippine Linguistics 8(1). 98-149.
lavu1241	GB051	1	Terrill 2003	masc, fem, neut	0==absent||1==present
long1395	GB051	N/A	Hill 2002		0==absent||1==present
lote1237	GB051	N/A			0==absent||1==present
mada1285	GB051	N/A	Lee 1978;  Lee 1989;  Lee 1976		0==absent||1==present
maia1253	GB051	?	Loeweke and May 1982	Not mentioned.	
maia1254	GB051	0	Hardin 2002		
mais1250	GB051	N/A			0==absent||1==present
maka1311	GB051	N/A			0==absent||1==present
mali1284	GB051	1	Stebbins 2011		0==absent||1==present
mana1295	GB051	0	Lichtenberk 1983		0==absent||1==present
mang1403	GB051	N/A	Milligan 1992		0==absent||1==present
mauw1238	GB051	N/A			0==absent||1==present
mehe1243	GB051	1	Hatfield (2016:98-102)		1: present, 0: absent
mend1268	GB051	N/A	Hoel 1994;  Hoel 1997;  Hoel 1998;  Ikäheimonen 1998	"it is relevant in second and third singular pronouns referring to animates, see PS:6ff"	0==absent||1==present
meng1267	GB051	0	Rath 1993;  Rath 1986;  Madden 2000		0==absent||1==present
meny1245	GB051	N/A	Whitehead 2004;  Whitehead 1991		0==absent||1==present
mera1242	GB051	N/A	Ohtsuba 1992;  Ohtsuba 1996;  Ohtsuba 1999;  Ohtsuba 2000		0==absent||1==present
meri1244	GB051	N/A	Piper 1989		0==absent||1==present
meya1236	GB051	N/A	Gravelle 2004		0==absent||1==present
mian1256	GB051	1		naka=e 'a/the man' vs. unang=o 'the woman'(where the clitic article agrees in gender with the noun); p. 153-5, and generally ch. 4	0==absent||1==present
mina1268	GB051	0	Crouch (2009:59-66)		
mori1268	GB051	N/A			0==absent||1==present
unclear		mort1237		GB051	
motl1237	GB051	N/A	Crowley 2002;  François 2004;  François 2005;  François 2006		0==absent||1==present
move1241	GB051	N/A			0==absent||1==present
muna1247	GB051	N/A	Van den Berg 1989		0==absent||1==present
muss1246	GB051	0	Ross 2002;  Brownie 2007	LRC: 153	0==absent||1==present
naas1242	GB051	N/A			0==absent||1==present
naba1256	GB051	N/A	Fabian 1998		0==absent||1==present
		naka1262	0	GB051	
nali1244	GB051	N/A			0==absent||1==present
nami1256	GB051	N/A	Feldpausch 1992;  Feldpausch 2001		0==absent||1==present
ngge1241	GB051	N/A	Paul Etherington 2002		0==absent||1==present
nias1242	GB051	N/A			0==absent||1==present
nort2839	GB051	?	Franjieh (2012: 299-300)	Thesis appears to call into question whether classifiers are predetermined for lexical items in North Ambrym	1: present, 0: absent
nort2845	GB051	N/A	Lynch 2002;  Mutu 2002		0==absent||1==present
nort2930	GB051	0	Brown (2016:23)		"1: present, 0: absent"
nots1237	GB051	N/A			0==absent||1==present
nucl1594	GB051	N/A	Peckham 2000;  Peckham 1987		0==absent||1==present
nucl1622	GB051	1	Drabbe 1955;  Van Baal 1966		0==absent||1==present
orya1242	GB051	1	Fields 1991;  Fields 1997;  Fields 2000		0==absent||1==present
pele1245	GB051	1			0==absent||1==present
pile1238	GB051	N/A			0==absent||1==present
puyu1239	GB051	0			0==absent||1==present
qaqe1238	GB051	1		masc / fem (p7)	0==absent||1==present
ramo1244	GB051	0	Davies 1992		0==absent||1==present
rawa1267	GB051	N/A			0==absent||1==present
renn1242	GB051	N/A	Elbert 1988;  Elbert 1975		0==absent||1==present
roto1249	GB051	1	Robinson 2007		0==absent||1==present
rotu1241	GB051	N/A	Schmidt 2002		0==absent||1==present
rovi1238	GB051	N/A	Corston-Oliver 2002		0==absent||1==present
salt1242	GB051	0			0==absent||1==present
sapo1253	GB051	0			0==absent||1==present
sasa1249	GB051	0		not mentioned.	1: present, 0: absent
sasa1249	GB203	3		http://sidikrahman.blogspot.nl/; http://tweettunnel.com/reverse3.php?b=&pgn=5&tz=-25200&bt=405303120546131969&st=204201236256403458&id=437051190&pn=3	0: no UQ, 1: UQ-N, 2: N-UQ, 3: both
savo1255	GB051	1		s. 59	0==absent||1==present
sele1250	GB051	0	McElhanon 1970;  McElhanon 1972		0==absent||1==present
siar1238	GB051	0	Ross 2002	Rowe: 15ff	0==absent||1==present
siee1239	GB051	N/A	Crowley 1998;  Crowley 2002		0==absent||1==present
siro1249	GB051	0			0==absent||1==present
sisi1250	GB051	N/A	Ross 2002		0==absent||1==present
siwa1245	GB051	1	Onishi 1994;  Onishi 2002	[70-71]	0==absent||1==present
sout2856	GB051	N/A	Thieberger 2006		0==absent||1==present
sout2918	GB051	N/A	Akamine 2005		0==absent||1==present
sout2949	GB051	N/A	Ray 1931		0==absent||1==present
suab1238	GB051	1	De Vries 2004		0==absent||1==present
sude1239	GB051	N/A	Anderson 2002		0==absent||1==present
suen1241	GB051	0			0==absent||1==present
sulk1246	GB051	N/A	Reesink 2005;  Schneider 1942		0==absent||1==present
sund1252	GB051	0	Müller-Gotama (2001), Kurniawan (2013), Van Syoc (1959), Hardjadibrata (1985)		
surs1246	GB051	N/A			0==absent||1==present
tabo1241	GB051	0	Schlatter (2003)		
taga1270	GB051	N/A	Himmelmann 2005;  Schachter 1983		0==absent||1==present
tain1253	GB051	1			0==absent||1==present
taki1248	GB051	N/A	Ross 2002		0==absent||1==present
tauy1241	GB051	N/A	MacDonald 1990		0==absent||1==present
tawa1275	GB051	N/A			0==absent||1==present
tean1237	GB051	N/A	Tryon 2002	No noun classes or genders	0==absent||1==present
teiw1235	GB051	N/A			0==absent||1==present
tele1256	GB051	1	Healey 1964;  Healey 1965;  Healey 1965;  Healey 1965;  Healey 1966;  Healey 1964;  Healey 1977;  Healey 1962;  Healey 1974		0==absent||1==present
teop1238	GB051	?			0==absent||1==present
tere1278	GB051	1			0==absent||1==present
tetu1245	GB051	N/A			0==absent||1==present
tido1248	GB051	N/A	Van Staden 2000		0==absent||1==present
tiga1245	GB051	N/A			0==absent||1==present
tobe1252	GB051	N/A	Holton 2003		0==absent||1==present
touo1238	GB051	1			0==absent||1==present
tsou1248	GB051	0	Zeitoun 2005		0==absent||1==present
tung1290	GB051	N/A	Stamm 1988		0==absent||1==present
ulit1238	GB051	N/A	Lynch 2002;  Sohn 1973		0==absent||1==present
uman1240	GB051	N/A	Evensen 1996		0==absent||1==present
unaa1239	GB051	N/A	Louwerse 1988		0==absent||1==present
unea1237	GB051	0	Ross 2002;  Van den Berg 2006	BB: 22-30	0==absent||1==present
unclear		uppe1422		GB051	
usan1239	GB051	0	Reesink 1987		0==absent||1==present
wamb1259	GB051	0			0==absent||1==present
wask1241	GB051	N/A	Ross 1978		0==absent||1==present
west2599	GB051	0	Franklin 1971;  Franklin 1978;  Franklin 1981;  Yarapea 2001		0==absent||1==present
whit1269	GB051	0	Hammond 2015:25		0==absent||1==present
wuvu1239	GB051	N/A	Hafford 1999		0==absent||1==present
xara1244	GB051	N/A	Lynch 2002		0==absent||1==present
yabe1254	GB051	N/A	Ross 2002;  Bradshaw 2005		0==absent||1==present
yele1255	GB051	0	Levinson, Stephen. Fieldnotes; Levinson, Stephen. Forthcoming. A grammar of YélÌ¨ Dnye, the Papuan language of Rossel Island.		0==absent||1==present
yess1239	GB051	1	Foreman 1974		0==absent||1==present
yima1243	GB051	1	Foley 1991	Class I = masc; Class II = fem (humans); p. 120 and 126	0==absent||1==present
acha1250	GB051	1	Wilson 1992		0==absent||1==present
ache1246	GB051	?		(Autotranslated from HG33:? AND HG34:? -> GB051:?, given HG33:?-HG34:?)	
agua1253	GB051	0	Overall 2007:124-5; Overall 2007:124-37	(Autotranslated from HG33:0 AND HG34:0 -> GB051:0, given HG33:0-HG34:0)	
unclear		aika1237		GB051	
ajyi1238	GB051	1	Payne 1981:13, 2234	(Autotranslated from HG33:1 OR HG34:1 -> GB051:1, given HG33:1-HG34:0)	
ando1256	GB051	1	Landaburu 1979:130-131; Landaburu 1979:130-132	(Autotranslated from HG33:1 OR HG34:1 -> GB051:1, given HG33:0-HG34:1)	
apol1242	GB051	?			0==absent||1==present
apur1254	GB051	1	Facundes (2000:218)		
araw1276	GB051	1	Pet (2011:18)		
arhu1242	GB051	0	Frank (1985)		
asha1243	GB051	1			0==absent||1==present
awac1239	GB051	0	Curnow (1997)		
ayac1239	GB051	0	Parker 1965:27, 32-46; Parker 1965:27	(Autotranslated from HG33:0 AND HG34:0 -> GB051:0, given HG33:0-HG34:0)	
bani1255	GB051	1	Constenla Umana 1991:190		0==absent||1==present
bara1380	GB051	1	Jones & Jones 1991:19; Jones & Jones 1991:19-21	(Autotranslated from HG33:1 OR HG34:1 -> GB051:1, given HG33:0-HG34:1)	
bare1276	GB051	1			0==absent||1==present
baur1253	GB051	1	Danielsen (2007:116, 139)		
berb1259	GB051	0	Kouwenberg (1994:1-693)	there is no noun class/gender system	
bora1263	GB051	1	Seifart - 2005:77-83; Seifart - 2005:201-222	(Autotranslated from HG33:1 OR HG34:1 -> GB051:1, given HG33:0-HG34:1)	
bord1248	GB051	0	Forster (2011)	no gender system	
cacu1241	GB051	1	Bolaños fieldnotes	(Autotranslated from HG33:1 OR HG34:1 -> GB051:1, given HG33:0-HG34:1)	
cavi1250	GB051	0	Guillaume (2008)		
cent2142	GB051	0	Hardman (2001: 32, 126-129)	"There are four human pronouns, indifferent to number and gender." (Hardman, 2001: 126). This is one of the only references to gender in the text. Nominal class is not an employed system in Aymara, it seems (according to Footnote 46, page 32, gender assignment was forced by Spanish-language dominance, but did not stay).	
cent2150	GB051	0	Headland (1994:16)		
chac1249	GB051	0	Floyd, Simeon (2014 p.c.)		0==absent||1==present
cham1318	GB051	?			0==absent||1==present
chib1270	GB051	0	Adelaar et al. (2004); López (1995); Ostler (1997); Quesada (1991)		
chim1309	GB051	0	Trillos (1996)		
coca1259	GB051	0	Vallejos 2010	(Autotranslated from HG33:0 AND HG34:0 -> GB051:0, given HG33:0-HG34:0)	
cogu1240	GB051	0	Stendal (1976); Celedon (1886); Holmer (1953)		
colo1256	GB051	0	Dickinson (2002)		
cube1242	GB051	1	Morse & Maxwell 1999:73; Morse & Maxwell 1999:79	(Autotranslated from HG33:1 OR HG34:1 -> GB051:1, given HG33:0-HG34:1)	
curr1243	GB051	1	Constenla Umana 1991:190		0==absent||1==present
daww1239	GB051	1	Martins 2004	(Autotranslated from HG33:1 OR HG34:1 -> GB051:1, given HG33:0-HG34:1)	
desa1247	GB051	1	Miller 1999:21	(Autotranslated from HG33:1 OR HG34:1 -> GB051:1, given HG33:0-HG34:1)	
embe1260	GB051	0	Atienza (2002); Mortensen (1999)		
embe1262	GB051	0	Aguirre (1999)		
enap1235	GB051	0	Payne and Payne (2013)		
enaw1238	GB051	?			0==absent||1==present
epen1239	GB051	0	Harms (1995)		
guah1255	GB051	1	Queixalós 1998:31	(Autotranslated from HG33:1 OR HG34:1 -> GB051:1, given HG33:0-HG34:1)	
guan1269	GB051	1	Stenzel 2004:127; Stenzel 2004:139	(Autotranslated from HG33:1 OR HG34:1 -> GB051:1, given HG33:0-HG34:1)	
guan1270	GB051	0	Souza 2008:79	(Autotranslated from HG33:0 AND HG34:0 -> GB051:0, given HG33:0-HG34:0)	
guar1293	GB051	1			0==absent||1==present
hupd1244	GB051	0	Epps (2008:285)	However, there are bound forms indicating 'male' and 'female', which can be treated as incipient nominal categorization system used with animate referents (see Epps 2008:241, 273).	
igna1246	GB051	0			0==absent||1==present
inap1243	GB051	1			0==absent||1==present
inga1252	GB051	1	Levinson 1974, 1976, 1976b; Levinson 1976b:2	(Autotranslated from HG33:1 OR HG34:1 -> GB051:1, given HG33:0-HG34:1)	
iqui1243	GB051	0	Lai (2009); Brown (2004)	Unmentioned.	
jaqa1244	GB051	?	Hardman (2000: 12-14)	"Noun roots refering to people may carry a meaning involving sex or may carry no sex reference. If the terms carrying the sex reference are used, then a sexual meaning is implied; otherwise the sex neutral terms are used. In Jaqaru, if one wishes to discuss sex, one can do so, easily and gracefully. If one wishes to discuss people without reference to sex, that also can be done [. . .]" (Hardman, 2000: 12). The main nominal class system is limited to "human/non-human", refer to GB053 for more information.	
kain1272	GB051	0	Silva 2011	(Autotranslated from HG33:0 AND HG34:0 -> GB051:0, given HG33:0-HG34:0)	
kari1311	GB051	0	Everett 2006:296	(Autotranslated from HG33:0 AND HG34:0 -> GB051:0, given HG33:0-HG34:0)	
kore1283	GB051	1	Cook & Criswell 1993:18; Cook & Criswell 1993:15	(Autotranslated from HG33:1 OR HG34:1 -> GB051:1, given HG33:0-HG34:1)	
kwaz1243	GB051	0	van der Voort (2004:92)	There is no gender category on nouns (see van der Voort 2004:92)	
maca1259	GB051	1	Buenaventura - 1993; Buenaventura - 1993:50	(Autotranslated from HG33:1 OR HG34:1 -> GB051:1, given HG33:0-HG34:1)	
mach1267	GB051	1			0==absent||1==present
		maco1239	1	GB051	Rosés Labrada (2015: 233)
macu1259	GB051	1	Carson 1982: 56-57; Carson 1992: 77	(Autotranslated from HG33:1 OR HG34:1 -> GB051:1, given HG33:0-HG34:1)	
macu1260	GB051	1	Smothermon & Smothermon 1993:34; Smothermon & Smothermon 1993:33	(Autotranslated from HG33:1 OR HG34:1 -> GB051:1, given HG33:0-HG34:1)	
maip1246	GB051	0			0==absent||1==present
mala1522	GB051	0	Williams (1993)		
mapu1245	GB051	0	Zúñiga 2006: 87-9	(Autotranslated from HG33:0 AND HG34:0 -> GB051:0, given HG33:0-HG34:0)	
maqu1238	GB051	0	Hall 1988: 287; Hall 1988: 281	(Autotranslated from HG33:0 AND HG34:0 -> GB051:0, given HG33:0-HG34:0)	
mash1270	GB051	1			0==absent||1==present
mats1244	GB051	0	Fleck:240	(Autotranslated from HG33:0 AND HG34:0 -> GB051:0, given HG33:0-HG34:0)	
mehi1240	GB051	1			0==absent||1==present
mini1256	GB051	0	Minor and Minor 1982:31-32; Minor and Minor 1982:31-35	(Autotranslated from HG33:0 AND HG34:0 -> GB051:0, given HG33:0-HG34:0)	
nade1244	GB051	0	Weir 1984	(Autotranslated from HG33:0 AND HG34:0 -> GB051:0, given HG33:0-HG34:0)	
nant1250	GB051	1			0==absent||1==present
nhen1239	GB051	0	Cruz 2011	(Autotranslated from HG33:0 AND HG34:0 -> GB051:0, given HG33:0-HG34:0)	
nina1238	GB051	0	Goodwin-Gomez 1990:47, 49; Goodwin-Gomez 1990:119-120	(Autotranslated from HG33:0 AND HG34:0 -> GB051:0, given HG33:0-HG34:0)	
noma1263	GB051	1			0==absent||1==present
nort2972	GB051	0	Mortensen (1999)		
onaa1245	GB051	1	Rojas-Berscia (2014: 42)		1: present, 0: absent
paez1247	GB051	?	Rojas:173-80, Jung:133-4	(Autotranslated from HG33:0 AND HG34:? -> GB051:?, given HG33:0-HG34:?)	
pali1279	GB051	1			0==absent||1==present
para1311	GB051	0	Zarratea 2002:121-41	(Autotranslated from HG33:0 AND HG34:0 -> GB051:0, given HG33:0-HG34:0)	
para1316	GB051	0	Patte 1989	(Autotranslated from HG33:0 AND HG34:0 -> GB051:0, given HG33:0-HG34:0)	
pare1272	GB051	0	Brandão (2014)		
paun1241	GB051	0			0==absent||1==present
pemo1248	GB051	0	de Armellada 1999: 48; de Armellada 1999	(Autotranslated from HG33:0 AND HG34:0 -> GB051:0, given HG33:0-HG34:0)	
piap1246	GB051	1			0==absent||1==present
puin1248	GB051	0	Giron 2008: 186; Giron 2008: 185	(Autotranslated from HG33:0 AND HG34:0 -> GB051:0, given HG33:0-HG34:0)	
resi1247	GB051	1			0==absent||1==present
sana1297	GB051	0	Bartens (2013: 104-107)	there is no noun class/gender system	
sanb1242	GB051	0	Erice (1980:21)		
sanu1240	GB051	?	Borgman 1990:144-151	(Autotranslated from HG33:0 AND HG34:? -> GB051:?, given HG33:0-HG34:?)	
sara1331	GB051	?			0==absent||1==present
ship1254	GB051	0	(Valenzuela 2003:89)		1: present, 0: absent
sion1247	GB051	1	Wheeler 1970:95-96	(Autotranslated from HG33:1 OR HG34:1 -> GB051:1, given HG33:0-HG34:1)	
suru1262	GB051	?		(Autotranslated from HG33:? AND HG34:? -> GB051:?, given HG33:?-HG34:?)	
tani1257	GB051	1	Strom 1992:10; Strom 1992:45-47	(Autotranslated from HG33:1 OR HG34:1 -> GB051:1, given HG33:0-HG34:1)	
tari1256	GB051	1	Aikhenvald (2003:89)		
tehu1242	GB051	1	Garay (2004: 9-29); Garay & Hernandez (2006: 7-22); Garay (1998: 179-230)	There is a 3-class gender system: masculine, feminine, and neuter; the last of which could be considered a nominal class for inanimate nominals.	1: present, 0: absent
tere1279	GB051	1			0==absent||1==present
ticu1245	GB051	?	Montes 2005:137	(Autotranslated from HG33:? AND HG34:0 -> GB051:?, given HG33:?-HG34:0)	
tuca1252	GB051	1	West and Welch 2004: various pages (37 in particular)	(Autotranslated from HG33:1 OR HG34:1 -> GB051:1, given HG33:0-HG34:1)	
urar1246	GB051	0	(Olawsky 2006)		1: present, 0: absent
waor1240	GB051	?		(Autotranslated from HG33:? AND HG34:? -> GB051:?, given HG33:?-HG34:?)	
wapi1253	GB051	1	Constenla Umana 1991:190		0==absent||1==present
waur1244	GB051	0			0==absent||1==present
wayu1243	GB051	1			0==absent||1==present
woun1238	GB051	0	Loewen (1954); Sánchez (1977); Murillo (2012)		
yagu1244	GB051	1	Payne and Payne 1990:; Payne and Payne 1990:446	(Autotranslated from HG33:1 OR HG34:1 -> GB051:1, given HG33:0-HG34:1)	
yane1238	GB051	?			0==absent||1==present
yano1262	GB051	0	Ramirez 1994:124; Ramirez 1994:142-151	(Autotranslated from HG33:0 AND HG34:0 -> GB051:0, given HG33:0-HG34:0)	
yavi1244	GB051	0			0==absent||1==present
yine1238	GB051	0	Matteson 1965	(Autotranslated from HG33:0 AND HG34:0 -> GB051:0, given HG33:0-HG34:0)	
yucu1253	GB051	1			0==absent||1==present
zapa1253	GB051	1	Peeke (1962: 188-189)		1: present, 0: absent
